title,runtime,genre(s),director(s),writer(s),actor(s),rating(s),number of rating(s)
The Shawshank Redemption,142,Drama,Frank Darabont,Frank Darabont;Stephen King,Tim Robbins;Morgan Freeman;Bob Gunton,9.3,"2,012,257"
The Godfather,175,Crime;Drama,Francis Ford Coppola,Francis Ford Coppola;Mario Puzo,Marlon Brando;Al Pacino;James Caan,9.2,"1,378,820"
The Godfather: Part II,202,Crime;Drama,Francis Ford Coppola,Francis Ford Coppola;Mario Puzo,Al Pacino;Robert De Niro;Robert Duvall,9.0,"954,667"
The Dark Knight,152,Action;Crime;Drama,Christopher Nolan,Christopher Nolan;Jonathan Nolan,Christian Bale;Heath Ledger;Aaron Eckhart,9.0,"1,980,926"
12 Angry Men,96,Crime;Drama,Sidney Lumet,Reginald Rose,Henry Fonda;Lee J. Cobb;Martin Balsam,8.9,"564,069"
Schindler's List,195,Biography;Drama;History,Steven Spielberg,Steven Zaillian;Thomas Keneally,Liam Neeson;Ralph Fiennes;Ben Kingsley,8.9,"1,038,653"
The Lord of the Rings: The Return of the King,201,Action;Adventure;Drama,Peter Jackson,J.R.R. Tolkien;Fran Walsh,Elijah Wood;Viggo Mortensen;Ian McKellen,8.9,"1,432,434"
Pulp Fiction,154,Crime;Drama,Quentin Tarantino,Roger Avary;Quentin Tarantino,John Travolta;Uma Thurman;Samuel L. Jackson,8.9,"1,570,810"
"Il buono, il brutto, il cattivo",161,Western,Sergio Leone,Sergio Leone;Luciano Vincenzoni,Clint Eastwood;Eli Wallach;Lee Van Cleef,8.9,"596,381"
Fight Club,139,Drama,David Fincher,Chuck Palahniuk;Jim Uhls,Brad Pitt;Edward Norton;Meat Loaf,8.8,"1,610,098"
The Lord of the Rings: The Fellowship of the Ring,178,Adventure;Drama;Fantasy,Peter Jackson,J.R.R. Tolkien;Fran Walsh,Elijah Wood;Ian McKellen;Orlando Bloom,8.8,"1,449,086"
Forrest Gump,142,Drama;Romance,Robert Zemeckis,Eric Roth;Winston Groom,Tom Hanks;Robin Wright;Gary Sinise,8.8,"1,532,725"
Star Wars: Episode V - The Empire Strikes Back,124,Action;Adventure;Fantasy,Irvin Kershner,Leigh Brackett;Lawrence Kasdan,Mark Hamill;Harrison Ford;Carrie Fisher,8.8,"1,010,589"
Inception,148,Action;Adventure;Sci-Fi,Christopher Nolan,Christopher Nolan,Leonardo DiCaprio;Joseph Gordon-Levitt;Ellen Page,8.8,"1,760,932"
The Lord of the Rings: The Two Towers,179,Adventure;Drama;Fantasy,Peter Jackson,J.R.R. Tolkien;Fran Walsh,Elijah Wood;Ian McKellen;Viggo Mortensen,8.7,"1,294,855"
One Flew Over the Cuckoo's Nest,133,Drama,Milos Forman,Lawrence Hauben;Bo Goldman,Jack Nicholson;Louise Fletcher;Will Sampson,8.7,"799,302"
Goodfellas,146,Crime;Drama,Martin Scorsese,Nicholas Pileggi,Robert De Niro;Ray Liotta;Joe Pesci,8.7,"867,138"
The Matrix,136,Action;Sci-Fi,Lilly Wachowski;Lana Wachowski,Lilly Wachowski;Lana Wachowski,Keanu Reeves;Laurence Fishburne;Carrie-Anne Moss,8.7,"1,443,673"
Shichinin no samurai,207,Adventure;Drama,Akira Kurosawa,Shinobu Hashimoto;Akira Kurosawa,Toshirô Mifune;Takashi Shimura;Keiko Tsushima,8.7,"272,417"
Cidade de Deus,130,Crime;Drama,Kátia Lund;Fernando Meirelles,Bráulio Mantovani;Paulo Lins,Alexandre Rodrigues;Leandro Firmino;Matheus Nachtergaele,8.6,"621,788"
Se7en,127,Crime;Drama;Mystery,David Fincher,Andrew Kevin Walker,Morgan Freeman;Brad Pitt;Kevin Spacey,8.6,"1,229,905"
Star Wars: Episode IV - A New Hope,121,Action;Adventure;Fantasy,George Lucas,George Lucas,Mark Hamill;Harrison Ford;Carrie Fisher,8.6,"1,080,839"
The Silence of the Lambs,118,Crime;Drama;Thriller,Jonathan Demme,Thomas Harris;Ted Tally,Jodie Foster;Anthony Hopkins;Lawrence A. Bonney,8.6,"1,079,516"
It's a Wonderful Life,130,Drama;Family;Fantasy,Frank Capra,Albert Hackett;Frances Goodrich,James Stewart;Donna Reed;Lionel Barrymore,8.6,"337,924"
La vita è bella,116,Comedy;Drama;Romance,Roberto Benigni,Vincenzo Cerami;Roberto Benigni,Roberto Benigni;Nicoletta Braschi;Giorgio Cantarini,8.6,"525,764"
The Usual Suspects,106,Crime;Mystery;Thriller,Bryan Singer,Christopher McQuarrie,Kevin Spacey;Gabriel Byrne;Chazz Palminteri,8.6,"873,365"
De reis van Chihiro,125,Animation;Adventure;Family,Kirk Wise;Hayao Miyazaki,Hayao Miyazaki,Daveigh Chase;Suzanne Pleshette;Miyu Irino,8.6,"529,299"
Saving Private Ryan,169,Drama;War,Steven Spielberg,Robert Rodat,Tom Hanks;Matt Damon;Tom Sizemore,8.6,"1,060,527"
Léon,110,Crime;Drama;Thriller,Luc Besson,Luc Besson,Jean Reno;Gary Oldman;Natalie Portman,8.6,"882,504"
The Green Mile,189,Crime;Drama;Fantasy,Frank Darabont,Frank Darabont;Stephen King,Tom Hanks;Michael Clarke Duncan;David Morse,8.5,"963,154"
Interstellar,169,Adventure;Drama;Sci-Fi,Christopher Nolan,Christopher Nolan;Jonathan Nolan,Matthew McConaughey;Anne Hathaway;Jessica Chastain,8.6,"1,223,839"
Psycho,109,Horror;Mystery;Thriller,Alfred Hitchcock,Joseph Stefano;Robert Bloch,Anthony Perkins;Janet Leigh;Vera Miles,8.5,"513,226"
American History X,119,Crime;Drama,Tony Kaye,David McKenna,Edward Norton;Edward Furlong;Beverly D'Angelo,8.5,"917,640"
City Lights,87,Comedy;Drama;Romance,Charles Chaplin,Charles Chaplin,Charles Chaplin;Virginia Cherrill;Florence Lee,8.5,"138,983"
Once Upon a Time in the West,165,Western,Sergio Leone,Sergio Donati;Sergio Leone,Henry Fonda;Charles Bronson;Claudia Cardinale,8.5,"260,667"
Casablanca,102,Drama;Romance;War,Michael Curtiz,Julius J. Epstein;Philip G. Epstein,Humphrey Bogart;Ingrid Bergman;Paul Henreid,8.5,"458,598"
Modern Times,87,Comedy;Drama;Family,Charles Chaplin,Charles Chaplin,Charles Chaplin;Paulette Goddard;Henry Bergman,8.5,"180,647"
The Intouchables,112,Biography;Comedy;Drama,Éric Toledano;Olivier Nakache,Philippe Pozzo di Borgo;Olivier Nakache,François Cluzet;Omar Sy;Anne Le Ny,8.5,"640,846"
The Pianist,150,Biography;Drama;Music,Roman Polanski,Ronald Harwood;Wladyslaw Szpilman,Adrien Brody;Thomas Kretschmann;Frank Finlay,8.5,"610,902"
The Departed,151,Crime;Drama;Thriller,Martin Scorsese,William Monahan;Alan Mak,Leonardo DiCaprio;Matt Damon;Jack Nicholson,8.5,"1,034,550"
Terminator 2: Judgment Day,137,Action;Sci-Fi,James Cameron,William Wisher;James Cameron,Arnold Schwarzenegger;Linda Hamilton;Edward Furlong,8.5,"872,747"
Back to the Future,116,Adventure;Comedy;Sci-Fi,Robert Zemeckis,Robert Zemeckis;Bob Gale,Michael J. Fox;Christopher Lloyd;Lea Thompson,8.5,"891,170"
Whiplash,106,Drama;Music,Damien Chazelle,Damien Chazelle,Miles Teller;J.K. Simmons;Melissa Benoist,8.5,"577,262"
Rear Window,112,Mystery;Thriller,Alfred Hitchcock,Cornell Woolrich;John Michael Hayes,James Stewart;Grace Kelly;Wendell Corey,8.5,"382,253"
Indiana Jones and the Raiders of the Lost Ark,115,Action;Adventure,Steven Spielberg,George Lucas;Lawrence Kasdan,Harrison Ford;Karen Allen;Paul Freeman,8.5,"778,967"
Gladiator,155,Action;Adventure;Drama,Ridley Scott,David Franzoni,Russell Crowe;Joaquin Phoenix;Connie Nielsen,8.5,"1,163,020"
The Lion King,88,Animation;Adventure;Drama,Rob Minkoff;Roger Allers,Irene Mecchi;Jonathan Roberts,Matthew Broderick;Jeremy Irons;James Earl Jones,8.5,"792,924"
The Prestige,130,Drama;Mystery;Sci-Fi,Christopher Nolan,Christopher Nolan;Jonathan Nolan,Christian Bale;Hugh Jackman;Scarlett Johansson,8.5,"1,022,850"
Apocalypse Now,147,Drama;War,Francis Ford Coppola,John Milius;Francis Ford Coppola,Martin Sheen;Marlon Brando;Robert Duvall,8.5,"527,703"
Memento,113,Mystery;Thriller,Christopher Nolan,Christopher Nolan;Jonathan Nolan,Guy Pearce;Carrie-Anne Moss;Joe Pantoliano,8.5,"997,509"
Avengers: Infinity War,149,Action;Adventure;Fantasy,Joe Russo;Anthony Russo,Christopher Markus;Stephen McFeely,Robert Downey Jr.;Chris Hemsworth;Mark Ruffalo,8.6,"516,412"
Alien,116,Horror;Sci-Fi,Ridley Scott,Dan O'Bannon;Ronald Shusett,Sigourney Weaver;Tom Skerritt;John Hurt,8.5,"686,524"
De dictator,125,Comedy;Drama;War,Charles Chaplin,Charles Chaplin,Charles Chaplin;Paulette Goddard;Jack Oakie,8.5,"172,117"
Nuovo Cinema Paradiso,155,Drama,Giuseppe Tornatore,Giuseppe Tornatore,Philippe Noiret;Enzo Cannavale;Antonella Attili,8.5,"191,459"
Hotaru no haka,89,Animation;Drama;War,Isao Takahata,Isao Takahata;Akiyuki Nosaka,Tsutomu Tatsumi;Ayano Shiraishi;Akemi Yamaguchi,8.5,"184,613"
Sunset Blvd.,110,Drama;Film-Noir,Billy Wilder,Charles Brackett;Billy Wilder,William Holden;Gloria Swanson;Erich von Stroheim,8.4,"171,432"
Das Leben der Anderen,137,Drama;Thriller,Florian Henckel von Donnersmarck,Florian Henckel von Donnersmarck,Ulrich Mühe;Martina Gedeck;Sebastian Koch,8.4,"310,394"
Dr. Strangelove or: How I Learned to Stop Worrying and Love the Bomb,95,Comedy,Stanley Kubrick,Terry Southern;Stanley Kubrick,Peter Sellers;George C. Scott;Sterling Hayden,8.4,"401,731"
Paths of Glory,88,Drama;War,Stanley Kubrick,Calder Willingham;Stanley Kubrick,Kirk Douglas;Ralph Meeker;Adolphe Menjou,8.4,"148,900"
The Shining,146,Drama;Horror,Stanley Kubrick,Stanley Kubrick;Stephen King,Jack Nicholson;Shelley Duvall;Danny Lloyd,8.4,"745,452"
Django Unchained,165,Drama;Western,Quentin Tarantino,Quentin Tarantino,Jamie Foxx;Christoph Waltz;Leonardo DiCaprio,8.4,"1,160,118"
WALL·E,98,Animation;Adventure;Family,Andrew Stanton,Andrew Stanton;Pete Docter,Ben Burtt;Elissa Knight;Jeff Garlin,8.4,"869,492"
Mononoke-hime,134,Animation;Adventure;Fantasy,Hayao Miyazaki,Hayao Miyazaki;Neil Gaiman,Yôji Matsuda;Yuriko Ishida;Yûko Tanaka,8.4,"280,715"
Witness for the Prosecution,116,Crime;Drama;Mystery,Billy Wilder,Billy Wilder;Agatha Christie,Tyrone Power;Marlene Dietrich;Charles Laughton,8.4,"86,220"
American Beauty,122,Drama,Sam Mendes,Alan Ball,Kevin Spacey;Annette Bening;Thora Birch,8.4,"959,952"
The Dark Knight Rises,164,Action;Thriller,Christopher Nolan,Christopher Nolan;Jonathan Nolan,Christian Bale;Tom Hardy;Anne Hathaway,8.4,"1,338,819"
Oldeuboi,120,Action;Drama;Mystery,Chan-wook Park,Garon Tsuchiya;Nobuaki Minegishi,Min-sik Choi;Ji-tae Yu;Hye-jeong Kang,8.4,"438,930"
Aliens,137,Action;Adventure;Sci-Fi,James Cameron,David Giler;James Cameron,Sigourney Weaver;Michael Biehn;Carrie Henn,8.4,"580,461"
Coco,105,Animation;Adventure;Comedy,Lee Unkrich;Adrian Molina,Jason Katz;Lee Unkrich,Anthony Gonzalez;Gael García Bernal;Benjamin Bratt,8.4,"231,053"
Once Upon a Time in America,229,Crime;Drama,Sergio Leone,Harry Grey;Leonardo Benvenuti,Robert De Niro;James Woods;Elizabeth McGovern,8.4,"265,661"
Das Boot,149,Adventure;Drama;Thriller,Wolfgang Petersen,Lothar G. Buchheim;Wolfgang Petersen,Jürgen Prochnow;Herbert Grönemeyer;Klaus Wennemann,8.4,"200,855"
Citizen Kane,119,Drama;Mystery,Orson Welles,Orson Welles;Herman J. Mankiewicz,Orson Welles;Joseph Cotten;Dorothy Comingore,8.4,"351,446"
Braveheart,178,Biography;Drama;History,Mel Gibson,Randall Wallace,Mel Gibson;Sophie Marceau;Patrick McGoohan,8.4,"864,611"
Vertigo,128,Mystery;Romance;Thriller,Alfred Hitchcock,Samuel A. Taylor;Alec Coppel,James Stewart;Kim Novak;Barbara Bel Geddes,8.3,"306,625"
North by Northwest,136,Adventure;Mystery;Thriller,Alfred Hitchcock,Ernest Lehman,Cary Grant;Eva Marie Saint;James Mason,8.3,"261,623"
Reservoir Dogs,99,Crime;Drama;Thriller,Quentin Tarantino,Quentin Tarantino,Harvey Keitel;Tim Roth;Michael Madsen,8.3,"791,598"
Star Wars: Episode VI - Return of the Jedi,131,Action;Adventure;Fantasy,Richard Marquand,George Lucas;Lawrence Kasdan,Mark Hamill;Harrison Ford;Carrie Fisher,8.3,"829,523"
Kimi no na wa.,106,Animation;Drama;Fantasy,Makoto Shinkai,Makoto Shinkai,Ryûnosuke Kamiki;Mone Kamishiraishi;Ryô Narita,8.4,"112,082"
M - Eine Stadt sucht einen Mörder,117,Crime;Mystery;Thriller,Fritz Lang,Fritz Lang;Thea von Harbou,Peter Lorre;Ellen Widmann;Inge Landgut,8.3,"121,940"
Dangal,161,Action;Biography;Drama,Nitesh Tiwari,Shreyas Jain;Piyush Gupta,Aamir Khan;Sakshi Tanwar;Fatima Sana Shaikh,8.5,"107,664"
Requiem for a Dream,102,Drama,Darren Aronofsky,Hubert Selby Jr.,Ellen Burstyn;Jared Leto;Jennifer Connelly,8.3,"676,681"
Amadeus,160,Biography;Drama;History,Milos Forman,Peter Shaffer,F. Murray Abraham;Tom Hulce;Elizabeth Berridge,8.3,"324,304"
Taare Zameen Par,165,Drama;Family,Amole Gupte;Aamir Khan,Amole Gupte,Darsheel Safary;Aamir Khan;Tisca Chopra,8.4,"131,312"
Lawrence of Arabia,216,Adventure;Biography;Drama,David Lean,Robert Bolt;T.E. Lawrence,Peter O'Toole;Alec Guinness;Anthony Quinn,8.3,"232,624"
Eternal Sunshine of the Spotless Mind,108,Drama;Romance;Sci-Fi,Michel Gondry,Charlie Kaufman;Michel Gondry,Jim Carrey;Kate Winslet;Tom Wilkinson,8.3,"793,798"
A Clockwork Orange,136,Crime;Drama;Sci-Fi,Stanley Kubrick,Anthony Burgess;Stanley Kubrick,Malcolm McDowell;Patrick Magee;Michael Bates,8.3,"662,962"
Amélie,122,Comedy;Romance,Jean-Pierre Jeunet,Jean-Pierre Jeunet;Guillaume Laurant,Audrey Tautou;Mathieu Kassovitz;Rufus,8.3,"630,693"
3 Idiots,170,Comedy;Drama,Rajkumar Hirani,Rajkumar Hirani;Abhijat Joshi,Aamir Khan;Madhavan;Mona Singh,8.4,"284,455"
Double Indemnity,107,Crime;Drama;Film-Noir,Billy Wilder,Raymond Chandler;Billy Wilder,Fred MacMurray;Barbara Stanwyck;Edward G. Robinson,8.3,"121,592"
2001: A Space Odyssey,149,Adventure;Sci-Fi,Stanley Kubrick,Arthur C. Clarke;Stanley Kubrick,Keir Dullea;Gary Lockwood;William Sylvester,8.3,"519,629"
Toy Story,81,Animation;Adventure;Comedy,John Lasseter,John Lasseter;Pete Docter,Tom Hanks;Tim Allen;Don Rickles,8.3,"757,029"
Taxi Driver,114,Crime;Drama,Martin Scorsese,Paul Schrader,Robert De Niro;Jodie Foster;Cybill Shepherd,8.3,"611,385"
Singin' in the Rain,103,Comedy;Musical;Romance,Stanley Donen;Gene Kelly,Adolph Green;Betty Comden,Gene Kelly;Donald O'Connor;Debbie Reynolds,8.3,"187,790"
Full Metal Jacket,116,Drama;War,Stanley Kubrick,Michael Herr;Stanley Kubrick,Matthew Modine;R. Lee Ermey;Vincent D'Onofrio,8.3,"585,159"
Inglourious Basterds,153,Adventure;Drama;War,Eli Roth;Quentin Tarantino,Quentin Tarantino,Brad Pitt;Diane Kruger;Eli Roth,8.3,"1,072,471"
To Kill a Mockingbird,129,Crime;Drama,Robert Mulligan,Harper Lee;Horton Foote,Gregory Peck;John Megna;Frank Overton,8.3,"262,143"
Ladri di biciclette,89,Drama,Vittorio De Sica,Luigi Bartolini;Cesare Zavattini,Lamberto Maggiorani;Enzo Staiola;Lianella Carell,8.3,"120,232"
The Kid,68,Comedy;Drama;Family,Charles Chaplin,Charles Chaplin,Charles Chaplin;Edna Purviance;Jackie Coogan,8.3,"90,919"
The Sting,129,Comedy;Crime;Drama,George Roy Hill,David S. Ward,Paul Newman;Robert Redford;Robert Shaw,8.3,"211,161"
Toy Story 3,103,Animation;Adventure;Comedy,Lee Unkrich,John Lasseter;Andrew Stanton,Tom Hanks;Tim Allen;Joan Cusack,8.3,"653,856"
Good Will Hunting,126,Drama;Romance,Gus Van Sant,Matt Damon;Ben Affleck,Robin Williams;Matt Damon;Ben Affleck,8.3,"735,625"
Jagten,115,Drama,Thomas Vinterberg,Tobias Lindholm;Thomas Vinterberg,Mads Mikkelsen;Thomas Bo Larsen;Annika Wedderkopp,8.3,"228,737"
Snatch,104,Comedy;Crime,Guy Ritchie,Guy Ritchie,Jason Statham;Brad Pitt;Benicio Del Toro,8.3,"696,331"
Monty Python and the Holy Grail,91,Adventure;Comedy;Fantasy,Terry Gilliam;Terry Jones,John Cleese;Graham Chapman,Graham Chapman;John Cleese;Eric Idle,8.3,"444,973"
Scarface,170,Crime;Drama,Brian De Palma,Oliver Stone,Al Pacino;Michelle Pfeiffer;Steven Bauer,8.3,"638,784"
Per qualche dollaro in più,132,Western,Sergio Leone,Sergio Leone;Fulvio Morsella,Clint Eastwood;Lee Van Cleef;Gian Maria Volontè,8.3,"195,817"
The Apartment,125,Comedy;Drama;Romance,Billy Wilder,Billy Wilder;I.A.L. Diamond,Jack Lemmon;Shirley MacLaine;Fred MacMurray,8.3,"136,589"
L.A. Confidential,138,Crime;Drama;Mystery,Curtis Hanson,Brian Helgeland;James Ellroy,Kevin Spacey;Russell Crowe;Guy Pearce,8.3,"478,807"
Metropolis,153,Drama;Sci-Fi,Fritz Lang,Thea von Harbou,Brigitte Helm;Alfred Abel;Gustav Fröhlich,8.3,"137,151"
Jodaeiye Nader az Simin,123,Crime;Drama;Family,Asghar Farhadi,Asghar Farhadi,Payman Maadi;Leila Hatami;Sareh Bayat,8.3,"187,441"
Indiana Jones and the Last Crusade,127,Action;Adventure;Fantasy,Steven Spielberg,Jeffrey Boam;George Lucas,Harrison Ford;Sean Connery;Alison Doody,8.3,"609,642"
Rashômon,88,Crime;Drama;Mystery,Akira Kurosawa,Akira Kurosawa;Ryûnosuke Akutagawa,Toshirô Mifune;Machiko Kyô;Masayuki Mori,8.3,"127,947"
Up,96,Animation;Adventure;Comedy,Bob Peterson;Pete Docter,Bob Peterson;Pete Docter,Edward Asner;Jordan Nagai;John Ratzenberger,8.3,"809,001"
All About Eve,138,Drama,Joseph L. Mankiewicz,Joseph L. Mankiewicz,Bette Davis;Anne Baxter;George Sanders,8.3,"103,010"
Yôjinbô,110,Action;Drama;Thriller,Akira Kurosawa,Akira Kurosawa,Toshirô Mifune;Eijirô Tôno;Tatsuya Nakadai,8.3,"92,561"
Batman Begins,140,Action;Adventure;Thriller,Christopher Nolan,Bob Kane;David S. Goyer,Christian Bale;Michael Caine;Ken Watanabe,8.3,"1,151,174"
Some Like It Hot,121,Comedy;Romance,Billy Wilder,Billy Wilder;I.A.L. Diamond,Marilyn Monroe;Tony Curtis;Jack Lemmon,8.3,"211,268"
Unforgiven,130,Drama;Western,Clint Eastwood,David Webb Peoples,Clint Eastwood;Gene Hackman;Morgan Freeman,8.2,"328,735"
Der Untergang,156,Biography;Drama;History,Oliver Hirschbiegel,Bernd Eichinger;Joachim Fest,Bruno Ganz;Alexandra Maria Lara;Ulrich Matthes,8.2,"294,369"
The Treasure of the Sierra Madre,126,Adventure;Drama;Western,John Huston,B. Traven;John Huston,Humphrey Bogart;Walter Huston;Tim Holt,8.3,"97,745"
Die Hard,132,Action;Thriller,John McTiernan,Jeb Stuart;Roderick Thorp,Bruce Willis;Alan Rickman;Bonnie Bedelia,8.2,"693,675"
Heat,170,Crime;Drama;Thriller,Michael Mann,Michael Mann,Al Pacino;Robert De Niro;Val Kilmer,8.2,"506,684"
Ikiru,143,Drama,Akira Kurosawa,Shinobu Hashimoto;Akira Kurosawa,Takashi Shimura;Nobuo Kaneko;Shin'ichi Himori,8.3,"55,735"
Raging Bull,129,Biography;Drama;Sport,Martin Scorsese,Jake LaMotta;Joseph Carter,Robert De Niro;Cathy Moriarty;Joe Pesci,8.2,"277,708"
Incendies,131,Drama;Mystery;War,Denis Villeneuve,Wajdi Mouawad;Denis Villeneuve,Lubna Azabal;Mélissa Désormeaux-Poulin;Maxim Gaudette,8.2,"116,065"
The Great Escape,172,Adventure;Drama;History,John Sturges,Paul Brickhill;James Clavell,Steve McQueen;James Garner;Richard Attenborough,8.2,"198,222"
Babam ve Oglum,108,Drama;Family,Çagan Irmak,Çagan Irmak,Çetin Tekindor;Fikret Kuskan;Hümeyra,8.4,"61,556"
Bacheha-Ye aseman,89,Drama;Family,Majid Majidi,Majid Majidi,Mohammad Amir Naji;Amir Farrokh Hashemian;Bahare Seddiqi,8.3,"47,623"
Pan's Labyrinth,118,Drama;Fantasy;War,Guillermo del Toro,Guillermo del Toro,Ivana Baquero;Ariadna Gil;Sergi López,8.2,"553,178"
Chinatown,130,Drama;Mystery;Thriller,Roman Polanski,Robert Towne,Jack Nicholson;Faye Dunaway;John Huston,8.2,"256,661"
The Third Man,104,Film-Noir;Mystery;Thriller,Carol Reed,Graham Greene,Orson Welles;Joseph Cotten;Alida Valli,8.2,"138,104"
Tonari no Totoro,86,Animation;Family;Fantasy,Hayao Miyazaki,Hayao Miyazaki,Hitoshi Takagi;Noriko Hidaka;Chika Sakamoto,8.2,"226,240"
Ran,162,Action;Drama,Akira Kurosawa,Hideo Oguni;Akira Kurosawa,Tatsuya Nakadai;Akira Terao;Jinpachi Nezu,8.2,"95,681"
Hauru no ugoku shiro,119,Animation;Adventure;Family,Hayao Miyazaki,Diana Wynne Jones;Hayao Miyazaki,Chieko Baishô;Takuya Kimura;Tatsuya Gashûin,8.2,"269,697"
Oordeel te Neurenberg,186,Drama;War,Stanley Kramer,Abby Mann,Spencer Tracy;Burt Lancaster;Richard Widmark,8.2,"58,728"
El secreto de sus ojos,129,Drama;Mystery;Romance,Juan José Campanella,Juan José Campanella;Eduardo Sacheri,Ricardo Darín;Soledad Villamil;Pablo Rago,8.2,"166,028"
The Gold Rush,95,Adventure;Comedy;Drama,Charles Chaplin,Charles Chaplin,Charles Chaplin;Mack Swain;Tom Murray,8.2,"85,470"
The Bridge on the River Kwai,161,Adventure;Drama;War,David Lean,Carl Foreman;Pierre Boulle,William Holden;Alec Guinness;Jack Hawkins,8.2,"179,936"
"Three Billboards Outside Ebbing, Missouri",115,Comedy;Crime;Drama,Martin McDonagh,Martin McDonagh,Frances McDormand;Woody Harrelson;Sam Rockwell,8.2,"290,317"
A Beautiful Mind,135,Biography;Drama,Ron Howard,Sylvia Nasar;Akiva Goldsman,Russell Crowe;Ed Harris;Jennifer Connelly,8.2,"741,161"
"Lock, Stock and Two Smoking Barrels",107,Comedy;Crime,Guy Ritchie,Guy Ritchie,Jason Flemyng;Dexter Fletcher;Nick Moran,8.2,"479,033"
On the Waterfront,108,Crime;Drama;Thriller,Elia Kazan,Budd Schulberg,Marlon Brando;Karl Malden;Lee J. Cobb,8.2,"124,011"
Casino,178,Crime;Drama,Martin Scorsese,Nicholas Pileggi,Robert De Niro;Sharon Stone;Joe Pesci,8.2,"399,109"
Det sjunde inseglet,96,Drama;Fantasy,Ingmar Bergman,Ingmar Bergman,Max von Sydow;Gunnar Björnstrand;Bengt Ekerot,8.2,"137,349"
Bohemian Rhapsody,134,Biography;Drama;Music,Bryan Singer,Anthony McCarten;Peter Morgan,Rami Malek;Lucy Boynton;Gwilym Lee,8.4,"49,842"
Inside Out,95,Animation;Adventure;Comedy,Ronnie Del Carmen;Pete Docter,Ronnie Del Carmen;Pete Docter,Amy Poehler;Bill Hader;Lewis Black,8.2,"504,381"
The Elephant Man,124,Biography;Drama,David Lynch,Christopher De Vore;Eric Bergren,Anthony Hopkins;John Hurt;Anne Bancroft,8.2,"193,765"
Room,118,Drama;Thriller,Lenny Abrahamson,Emma Donoghue,Brie Larson;Jacob Tremblay;Sean Bridgers,8.2,"291,237"
Mr. Smith Goes to Washington,129,Comedy;Drama,Frank Capra,Sidney Buchman;Lewis R. Foster,James Stewart;Jean Arthur;Claude Rains,8.2,"94,681"
The Wolf of Wall Street,180,Biography;Comedy;Crime,Martin Scorsese,Jordan Belfort;Terence Winter,Leonardo DiCaprio;Jonah Hill;Margot Robbie,8.2,"983,847"
V for Vendetta,132,Action;Drama;Sci-Fi,James McTeigue,Lilly Wachowski;Lana Wachowski,Hugo Weaving;Natalie Portman;Rupert Graves,8.2,"924,511"
Warrior,140,Drama;Sport,Gavin O'Connor,Anthony Tambakis;Gavin O'Connor,Tom Hardy;Nick Nolte;Joel Edgerton,8.2,"392,123"
Blade Runner,117,Sci-Fi;Thriller,Ridley Scott,David Webb Peoples;Hampton Fancher,Harrison Ford;Rutger Hauer;Sean Young,8.2,"604,028"
The General,67,Action;Adventure;Comedy,Clyde Bruckman;Buster Keaton,Buster Keaton;Clyde Bruckman,Buster Keaton;Marion Mack;Glen Cavender,8.2,"68,481"
Smultronstället,91,Drama;Romance,Ingmar Bergman,Ingmar Bergman,Victor Sjöström;Bibi Andersson;Ingrid Thulin,8.2,"80,132"
Dial M for Murder,105,Crime;Thriller,Alfred Hitchcock,Frederick Knott,Ray Milland;Grace Kelly;Robert Cummings,8.2,"134,847"
Trainspotting,93,Drama,Danny Boyle,Irvine Welsh;John Hodge,Ewan McGregor;Ewen Bremner;Jonny Lee Miller,8.2,"570,839"
No Country for Old Men,122,Crime;Drama;Thriller,Ethan Coen;Joel Coen,Ethan Coen;Joel Coen,Tommy Lee Jones;Javier Bardem;Josh Brolin,8.1,"736,636"
There Will Be Blood,158,Drama,Paul Thomas Anderson,Upton Sinclair;Paul Thomas Anderson,Daniel Day-Lewis;Paul Dano;Ciarán Hinds,8.1,"447,165"
The Sixth Sense,107,Drama;Mystery;Thriller,M. Night Shyamalan,M. Night Shyamalan,Bruce Willis;Haley Joel Osment;Toni Collette,8.1,"817,822"
Gone with the Wind,238,Drama;History;Romance,Victor Fleming;George Cukor,Margaret Mitchell;Sidney Howard,Clark Gable;Vivien Leigh;Thomas Mitchell,8.2,"255,524"
The Thing,109,Horror;Mystery;Sci-Fi,John Carpenter,John W. Campbell Jr.;Bill Lancaster,Kurt Russell;Wilford Brimley;Keith David,8.1,"317,752"
Fargo,98,Crime;Drama;Thriller,Ethan Coen;Joel Coen,Joel Coen;Ethan Coen,William H. Macy;Frances McDormand;Steve Buscemi,8.1,"541,717"
Gran Torino,116,Drama,Clint Eastwood,Dave Johannson;Nick Schenk,Clint Eastwood;Bee Vang;Christopher Carley,8.1,"650,741"
The Deer Hunter,183,Drama;War,Michael Cimino,Michael Cimino;Deric Washburn,Robert De Niro;Christopher Walken;John Cazale,8.1,"275,513"
Finding Nemo,100,Animation;Adventure;Comedy,Lee Unkrich;Andrew Stanton,Andrew Stanton,Albert Brooks;Ellen DeGeneres;Alexander Gould,8.1,"833,920"
Idi i smotri,142,Drama;War,Elem Klimov,Ales Adamovich,Aleksey Kravchenko;Olga Mironova;Liubomiras Laucevicius,8.2,"40,315"
Sherlock Jr.,285,Action;Comedy;Romance,Buster Keaton,Joseph A. Mitchell;Jean C. Havez,Buster Keaton;Kathryn McGuire;Joe Keaton,8.2,"30,007"
The Big Lebowski,117,Comedy;Crime,Ethan Coen;Joel Coen,Joel Coen;Ethan Coen,Jeff Bridges;John Goodman;Julianne Moore,8.1,"636,876"
Kill Bill: Vol. 1,111,Action;Crime;Thriller,Quentin Tarantino,Quentin Tarantino,Uma Thurman;David Carradine;Daryl Hannah,8.1,"870,383"
Shutter Island,138,Mystery;Thriller,Martin Scorsese,Dennis Lehane;Laeta Kalogridis,Leonardo DiCaprio;Emily Mortimer;Mark Ruffalo,8.1,"962,155"
Cool Hand Luke,126,Crime;Drama,Stuart Rosenberg,Donn Pearce;Frank Pierson,Paul Newman;George Kennedy;Strother Martin,8.1,"142,932"
Rebecca,130,Drama;Mystery;Romance,Alfred Hitchcock,Robert E. Sherwood;Daphne Du Maurier,Laurence Olivier;Joan Fontaine;George Sanders,8.1,"106,987"
Tôkyô monogatari,136,Drama,Yasujirô Ozu,Yasujirô Ozu;Kôgo Noda,Chishû Ryû;Chieko Higashiyama;Sô Yamamura,8.2,"40,902"
Mary and Max,92,Animation;Comedy;Drama,Adam Elliot,Adam Elliot,Toni Collette;Philip Seymour Hoffman;Eric Bana,8.1,"145,901"
Hacksaw Ridge,139,Biography;Drama;History,Mel Gibson,Robert Schenkkan;Andrew Knight,Andrew Garfield;Sam Worthington;Luke Bracey,8.1,"339,674"
Sunrise: A Song of Two Humans,94,Drama;Romance,F.W. Murnau,Hermann Sudermann;Carl Mayer,George O'Brien;Janet Gaynor;Margaret Livingston,8.2,"41,156"
Gone Girl,149,Crime;Drama;Mystery,David Fincher,Gillian Flynn,Ben Affleck;Rosamund Pike;Neil Patrick Harris,8.1,"726,064"
Hoe tem je een draak,98,Animation;Action;Adventure,Chris Sanders;Dean DeBlois,Dean DeBlois;William Davies,Jay Baruchel;Gerard Butler;Christopher Mintz-Plasse,8.1,"583,200"
Relatos salvajes,122,Comedy;Drama;Thriller,Damián Szifron,Damián Szifron;Germán Servidio,Darío Grandinetti;María Marull;Mónica Villa,8.1,"141,617"
Jurassic Park,127,Adventure;Sci-Fi;Thriller,Steven Spielberg,Michael Crichton,Sam Neill;Laura Dern;Jeff Goldblum,8.1,"751,448"
A Star Is Born,136,Drama;Music;Romance,Bradley Cooper,Bradley Cooper;Eric Roth,Lady Gaga;Bradley Cooper;Sam Elliott,8.3,"83,159"
Into the Wild,148,Adventure;Biography;Drama,Sean Penn,Jon Krakauer;Sean Penn,Emile Hirsch;Vince Vaughn;Catherine Keener,8.1,"508,767"
Life of Brian,94,Comedy,Terry Jones,John Cleese;Graham Chapman,Graham Chapman;John Cleese;Michael Palin,8.1,"321,904"
Eskiya,128,Crime;Drama;Thriller,Yavuz Turgul,Yavuz Turgul,Sener Sen;Ugur Yücel;Sermin Hürmeriç,8.3,"52,493"
Het gebeurde op 'n avond,105,Comedy;Romance,Frank Capra,Samuel Hopkins Adams;Robert Riskin,Clark Gable;Claudette Colbert;Walter Connolly,8.1,"81,707"
In the Name of the Father,133,Biography;Drama,Jim Sheridan,Terry George;Gerry Conlon,Daniel Day-Lewis;Pete Postlethwaite;Alison Crosbie,8.1,"136,279"
Platoon,120,Drama;War,Oliver Stone,Oliver Stone,Charlie Sheen;Tom Berenger;Willem Dafoe,8.1,"341,157"
The Grand Budapest Hotel,99,Adventure;Comedy;Drama,Wes Anderson,Wes Anderson;Stefan Zweig,Ralph Fiennes;F. Murray Abraham;Mathieu Amalric,8.1,"606,492"
Stand by Me,89,Adventure;Drama,Rob Reiner,Raynold Gideon;Stephen King,Wil Wheaton;River Phoenix;Corey Feldman,8.1,"323,456"
The Truman Show,103,Comedy;Drama;Sci-Fi,Peter Weir,Andrew Niccol,Jim Carrey;Ed Harris;Laura Linney,8.1,"804,164"
Network,121,Drama,Sidney Lumet,Paddy Chayefsky,Faye Dunaway;William Holden;Peter Finch,8.1,"126,393"
Stalker,162,Drama;Sci-Fi,Andrei Tarkovsky,Arkadiy Strugatskiy;Boris Strugatskiy,Alisa Freyndlikh;Aleksandr Kaydanovskiy;Anatoliy Solonitsyn,8.1,"92,640"
Hotel Rwanda,121,Biography;Drama;History,Terry George,Terry George;Keir Pearson,Don Cheadle;Sophie Okonedo;Joaquin Phoenix,8.1,"305,543"
Ben Hur,212,Adventure;Drama;History,William Wyler,Lew Wallace;Karl Tunberg,Charlton Heston;Jack Hawkins;Stephen Boyd,8.1,"195,007"
Persona,85,Drama;Thriller,Ingmar Bergman,Ingmar Bergman,Bibi Andersson;Liv Ullmann;Margaretha Krook,8.1,"82,376"
Salinui chueok,131,Action;Crime;Drama,Joon-ho Bong,Kwang-rim Kim;Joon-ho Bong,Kang-ho Song;Sang-kyung Kim;Roe-ha Kim,8.1,"94,472"
12 Years a Slave,134,Biography;Drama;History,Steve McQueen,John Ridley;Solomon Northup,Chiwetel Ejiofor;Michael Kenneth Williams;Michael Fassbender,8.1,"553,851"
Andrei Rublev,205,Biography;Drama;History,Andrei Tarkovsky,Andrei Tarkovsky;Andrey Konchalovskiy,Anatoliy Solonitsyn;Ivan Lapikov;Nikolay Grinko,8.2,"36,416"
Million Dollar Baby,132,Drama;Sport,Clint Eastwood,F.X. Toole;Paul Haggis,Hilary Swank;Clint Eastwood;Morgan Freeman,8.1,"568,614"
Le salaire de la peur,131,Adventure;Drama;Thriller,Henri-Georges Clouzot,Henri-Georges Clouzot;Georges Arnaud,Yves Montand;Charles Vanel;Peter van Eyck,8.1,"46,379"
La passion de Jeanne d'Arc,110,Biography;Drama;History,Carl Theodor Dreyer,Carl Theodor Dreyer;Joseph Delteil,Maria Falconetti;Eugene Silvain;André Berley,8.2,"38,492"
Rang De Basanti,157,Comedy;Drama,Rakeysh Omprakash Mehra,Renzil D'Silva;Prasoon Joshi,Aamir Khan;Soha Ali Khan;Siddharth,8.2,"96,502"
Rush,123,Action;Biography;Drama,Ron Howard,Peter Morgan,Daniel Brühl;Chris Hemsworth;Olivia Wilde,8.1,"379,656"
Mad Max: Fury Road,120,Action;Adventure;Sci-Fi,George Miller,George Miller;Brendan McCarthy,Tom Hardy;Charlize Theron;Nicholas Hoult,8.1,"742,248"
Before Sunrise,101,Drama;Romance,Richard Linklater,Richard Linklater;Kim Krizan,Ethan Hawke;Julie Delpy;Andrea Eckert,8.1,"228,694"
Les quatre cents coups,99,Crime;Drama,François Truffaut,François Truffaut;Marcel Moussy,Jean-Pierre Léaud;Albert Rémy;Claire Maurier,8.1,"88,629"
Spotlight,129,Crime;Drama;History,Tom McCarthy,Tom McCarthy;Josh Singer,Mark Ruffalo;Michael Keaton;Rachel McAdams,8.1,"341,361"
Hachi: A Dog's Tale,93,Drama;Family,Lasse Hallström,Stephen P. Lindsey;Kaneto Shindô,Richard Gere;Joan Allen;Cary-Hiroyuki Tagawa,8.1,"212,437"
Prisoners,153,Crime;Drama;Mystery,Denis Villeneuve,Aaron Guzikowski,Hugh Jackman;Jake Gyllenhaal;Viola Davis,8.1,"502,253"
Logan,137,Action;Drama;Sci-Fi,James Mangold,Scott Frank;James Mangold,Hugh Jackman;Patrick Stewart;Dafne Keen,8.1,"517,344"
Amores perros,154,Drama;Thriller,Alejandro G. Iñárritu,Guillermo Arriaga,Emilio Echevarría;Gael García Bernal;Goya Toledo,8.1,"201,778"
The Princess Bride,98,Adventure;Family;Fantasy,Rob Reiner,William Goldman,Cary Elwes;Mandy Patinkin;Robin Wright,8.1,"345,789"
Kaze no tani no Naushika,117,Animation;Adventure;Fantasy,Hayao Miyazaki,Hayao Miyazaki,Sumi Shimamoto;Mahito Tsujimura;Hisako Kyôda,8.1,"122,788"
Catch Me If You Can,141,Biography;Crime;Drama,Steven Spielberg,Frank Abagnale Jr.;Jeff Nathanson,Leonardo DiCaprio;Tom Hanks;Christopher Walken,8.1,"681,232"
Butch Cassidy and the Sundance Kid,110,Biography;Crime;Drama,George Roy Hill,William Goldman,Paul Newman;Robert Redford;Katharine Ross,8.1,"181,271"
Harry Potter and the Deathly Hallows: Part 2,130,Adventure;Drama;Fantasy,David Yates,Steve Kloves;J.K. Rowling,Daniel Radcliffe;Emma Watson;Rupert Grint,8.1,"663,244"
Rocky,120,Drama;Sport,John G. Avildsen,Sylvester Stallone,Sylvester Stallone;Talia Shire;Burt Young,8.1,"454,157"
Barry Lyndon,185,Adventure;Drama;History,Stanley Kubrick,William Makepeace Thackeray;Stanley Kubrick,Ryan O'Neal;Marisa Berenson;Patrick Magee,8.1,"126,779"
"Monsters, Inc.",92,Animation;Adventure;Comedy,David Silverman;Pete Docter,Pete Docter;Jill Culton,Billy Crystal;John Goodman;Mary Gibbs,8.1,"708,663"
The Grapes of Wrath,129,Drama;History,John Ford,Nunnally Johnson;John Steinbeck,Henry Fonda;Jane Darwell;John Carradine,8.1,"78,410"
The Maltese Falcon,100,Film-Noir;Mystery,John Huston,Dashiell Hammett;John Huston,Humphrey Bogart;Mary Astor;Gladys George,8.1,"136,297"
Donnie Darko,113,Drama;Sci-Fi;Thriller,Richard Kelly,Richard Kelly,Jake Gyllenhaal;Jena Malone;Mary McDonnell,8.1,"678,726"
Demonen,117,Crime;Drama;Horror,Henri-Georges Clouzot,Pierre Boileau;Thomas Narcejac,Simone Signoret;Véra Clouzot;Paul Meurisse,8.1,"54,433"
The Terminator,107,Action;Sci-Fi,James Cameron,Gale Anne Hurd;James Cameron,Arnold Schwarzenegger;Linda Hamilton;Michael Biehn,8.0,"703,792"
Dead Poets Society,128,Comedy;Drama,Peter Weir,Tom Schulman,Robin Williams;Robert Sean Leonard;Ethan Hawke,8.1,"348,736"
Gandhi,191,Biography;Drama;History,Richard Attenborough,John Briley,Ben Kingsley;John Gielgud;Rohini Hattangadi,8.1,"201,890"
Sanjuro,96,Action;Crime;Drama,Akira Kurosawa,Hideo Oguni;Ryûzô Kikushima,Toshirô Mifune;Tatsuya Nakadai;Keiju Kobayashi,8.2,"25,464"
La haine,98,Crime;Drama,Mathieu Kassovitz,Mathieu Kassovitz,Vincent Cassel;Hubert Koundé;Saïd Taghmaoui,8.1,"127,524"
Groundhog Day,101,Comedy;Fantasy;Romance,Harold Ramis,Danny Rubin;Harold Ramis,Bill Murray;Andie MacDowell;Chris Elliott,8.0,"523,235"
Le notti di Cabiria,110,Drama,Federico Fellini,Ennio Flaiano;Federico Fellini,Giulietta Masina;François Périer;Franca Marzi,8.1,"37,090"
Blade Runner 2049,164,Drama;Mystery;Sci-Fi,Denis Villeneuve,Michael Green;Hampton Fancher,Harrison Ford;Ryan Gosling;Ana de Armas,8.0,"341,055"
La La Land,128,Comedy;Drama;Music,Damien Chazelle,Damien Chazelle,Ryan Gosling;Emma Stone;Rosemarie DeWitt,8.1,"400,661"
The Wizard of Oz,102,Adventure;Family;Fantasy,Victor Fleming;George Cukor,Florence Ryerson;Noel Langley,Judy Garland;Frank Morgan;Ray Bolger,8.0,"340,831"
Jaws,124,Adventure;Drama;Thriller,Steven Spielberg,Peter Benchley;Carl Gottlieb,Roy Scheider;Robert Shaw;Richard Dreyfuss,8.0,"493,193"
The Help,146,Drama,Tate Taylor,Tate Taylor;Kathryn Stockett,Emma Stone;Viola Davis;Octavia Spencer,8.1,"379,666"
Faa yeung nin wa,98,Drama;Romance,Kar-Wai Wong,Kar-Wai Wong,Tony Chiu-Wai Leung;Maggie Cheung;Ping Lam Siu,8.1,"100,357"
Paper Moon,102,Comedy;Crime;Drama,Peter Bogdanovich,Alvin Sargent;Joe David Brown,Ryan O'Neal;Tatum O'Neal;Madeline Kahn,8.1,"35,880"
Gangs of Wasseypur,321,Action;Comedy;Crime,Anurag Kashyap,Anurag Kashyap;Akhilesh Jaiswal,Manoj Bajpayee;Richa Chadha;Nawazuddin Siddiqui,8.2,"65,412"
Mandariinid,87,Drama;War,Zaza Urushadze,Tatjana Mülbeier;Zaza Urushadze,Lembit Ulfsak;Elmo Nüganen;Giorgi Nakashidze,8.2,"30,587"
Before Sunset,80,Drama;Romance,Richard Linklater,Richard Linklater;Julie Delpy,Ethan Hawke;Julie Delpy;Vernon Dobtcheff,8.1,"199,839"
Ah-ga-ssi,144,Drama;Romance;Thriller,Chan-wook Park,Seo-kyeong Jeong;Sarah Waters,Min-hee Kim;Jung-woo Ha;Jin-Woong Cho,8.1,"68,677"
"Paris, Texas",145,Drama,Wim Wenders,L.M. Kit Carson;Sam Shepard,Harry Dean Stanton;Nastassja Kinski;Dean Stockwell,8.1,"70,155"
Guardians of the Galaxy,121,Action;Adventure;Comedy,James Gunn,Nicole Perlman;James Gunn,Chris Pratt;Vin Diesel;Bradley Cooper,8.1,"883,829"
The Bourne Ultimatum,115,Action;Mystery;Thriller,Paul Greengrass,Tony Gilroy;Scott Z. Burns,Matt Damon;Edgar Ramírez;Joan Allen,8.0,"570,088"
A Wednesday,104,Crime;Drama;Mystery,Neeraj Pandey,Neeraj Pandey,Anupam Kher;Naseeruddin Shah;Jimmy Sheirgill,8.2,"65,699"
Pirates of the Caribbean: The Curse of the Black Pearl,143,Action;Adventure;Fantasy,Gore Verbinski,Terry Rossio;Ted Elliott,Johnny Depp;Geoffrey Rush;Orlando Bloom,8.0,"937,931"
PK,153,Comedy;Drama;Sci-Fi,Rajkumar Hirani,Rajkumar Hirani;Abhijat Joshi,Aamir Khan;Anushka Sharma;Sanjay Dutt,8.2,"129,372"
De beste jaren van ons leven,170,Drama;Romance;War,William Wyler,Robert E. Sherwood;MacKinlay Kantor,Myrna Loy;Dana Andrews;Fredric March,8.1,"51,499"
Tenkû no shiro Rapyuta,125,Animation;Adventure;Fantasy,Hayao Miyazaki,Hayao Miyazaki,Anna Paquin;James Van Der Beek;Cloris Leachman,8.1,"121,670"
